<?xml version="1.0" encoding="UTF-8" ?>
<!DOCTYPE mapper PUBLIC "-//mybatis.org//DTD Mapper 3.0//EN" "http://mybatis.org/dtd/mybatis-3-mapper.dtd" >
<mapper namespace="AdmincenterOperatorMapper">
    <resultMap id="BaseResultMap" type="com.hnair.wallet.admincenter.model.AdmincenterOperator">
        <id column="id" property="id" jdbcType="INTEGER"/>
        <result column="operator_name" property="operatorName" jdbcType="VARCHAR"/>
        <result column="operator_unique_salt" property="operatorUniqueSalt" jdbcType="VARCHAR"/>
        <result column="password" property="password" jdbcType="VARCHAR"/>
        <result column="operator_nick_name" property="operatorNickName" jdbcType="VARCHAR"/>
        <result column="operator_source" property="operatorSource" jdbcType="VARCHAR"/>
    </resultMap>
    <sql id="Base_Where">
        <if test="id != null">and id= #{id}</if>
        <if test="operatorName != null and operatorName !=''">and operator_name= #{operatorName}</if>
        <if test="operatorUniqueSalt != null and operatorUniqueSalt !=''">and operator_unique_salt=
            #{operatorUniqueSalt}
        </if>
        <if test="password != null and password !=''">and password= #{password}</if>
        <if test="operatorNickName != null and operatorNickName !=''">and operator_nick_name= #{operatorNickName}</if>
        <if test="operatorSource != null and operatorSource !=''">and operator_source= #{operatorSource}</if>
    </sql>
    <sql id="Base_Column_List">
		id ,
		operator_name ,
		operator_unique_salt ,
		password ,
		operator_nick_name ,
		operator_source 
	</sql>

    <select id="selectByPrimaryKey" resultMap="BaseResultMap" parameterType="java.lang.Integer">
        select
        <include refid="Base_Column_List"/>
        from admincenter_operator
        where
        id = #{id,jdbcType=INTEGER}
    </select>

    <delete id="deleteByPrimaryKey" parameterType="java.lang.Integer">
		delete from admincenter_operator
		where
		id = #{id,jdbcType=INTEGER}
	</delete>

    <insert id="insertSelective" parameterType="com.hnair.wallet.admincenter.model.AdmincenterOperator" useGeneratedKeys="true" keyProperty="id">
        insert into admincenter_operator
        <trim prefix="(" suffix=")" suffixOverrides=",">
            <if test="id != null">id,</if>
            <if test="operatorName != null and operatorName !=''">operator_name,</if>
            <if test="operatorUniqueSalt != null and operatorUniqueSalt !=''">operator_unique_salt,</if>
            <if test="password != null and password !=''">password,</if>
            <if test="operatorNickName != null and operatorNickName !=''">operator_nick_name,</if>
            <if test="operatorSource != null and operatorSource !=''">operator_source,</if>
        </trim>
        <trim prefix="values (" suffix=")" suffixOverrides=",">
            <if test="id != null">
                #{id,jdbcType=INTEGER},
            </if>
            <if test="operatorName != null and operatorName !=''">
                #{operatorName,jdbcType=VARCHAR},
            </if>
            <if test="operatorUniqueSalt != null and operatorUniqueSalt !=''">
                #{operatorUniqueSalt,jdbcType=VARCHAR},
            </if>
            <if test="password != null and password !=''">
                #{password,jdbcType=VARCHAR},
            </if>
            <if test="operatorNickName != null and operatorNickName !=''">
                #{operatorNickName,jdbcType=VARCHAR},
            </if>
            <if test="operatorSource != null and operatorSource !=''">
                #{operatorSource,jdbcType=VARCHAR},
            </if>

        </trim>
    </insert>

    <update id="updateByPrimaryKeySelective" parameterType="com.hnair.wallet.admincenter.model.AdmincenterOperator">
        update admincenter_operator
        <set>
            <if test="operatorName != null and operatorName !=''">
                operator_name= #{operatorName,jdbcType=VARCHAR},
            </if>
            <if test="operatorUniqueSalt != null and operatorUniqueSalt !=''">
                operator_unique_salt= #{operatorUniqueSalt,jdbcType=VARCHAR},
            </if>
            <if test="password != null and password !=''">
                password= #{password,jdbcType=VARCHAR},
            </if>
            <if test="operatorNickName != null and operatorNickName !=''">
                operator_nick_name= #{operatorNickName,jdbcType=VARCHAR},
            </if>
            <if test="operatorSource != null and operatorSource !=''">
                operator_source= #{operatorSource,jdbcType=VARCHAR}
            </if>
        </set>
        where
        id = #{id,jdbcType=INTEGER}
    </update>

    <select id="getAll" resultMap="BaseResultMap" parameterType="map">
        select
        <include refid="Base_Column_List"/>
        from admincenter_operator where 1=1
        <include refid="Base_Where"/>
    </select>
    <select id="pageCount" resultType="java.lang.Integer" parameterType="map">
        select count(1) from admincenter_operator where 1=1
        <include refid="Base_Where"/>
    </select>
    <select id="pageData" resultMap="BaseResultMap" parameterType="map">
        select
        <include refid="Base_Column_List"/>
        from admincenter_operator where 1=1
        <include refid="Base_Where"/>
    </select>

    <select id="selectByIds" resultMap="BaseResultMap">
        select
        <include refid="Base_Column_List"/>
        from admincenter_operator where id in
        <foreach item="item" index="index" collection="list" open="(" separator="," close=")">
            #{item}
        </foreach>
    </select>

    <select id="getOpreateorInfoWithAuthoruty" resultType="com.hnair.wallet.admincenter.vo.AdmincenterOperatorVo"
            parameterType="map">
        select
             ao.id as id,
             ao.operator_name as operatorName,
             ao.password as password,
             ao.operator_unique_salt as operatorUniqueSalt,
             ao.operator_nick_name as operatorNickName,
             ao.operator_source as operatorSource,
             aa.authority_name as authorityName
        from
             admincenter_operator ao
             inner join admincenter_operator_role aor on ao.id = aor.operator_id
             inner join admincenter_role_authority ara on aor.role_id = ara.role_id
             inner join admincenter_authority aa on ara.authority_id = aa.id
        where ao.operator_name = #{name}
    </select>

    <select id="getAdmincenterOperatorWithMerchant" parameterType="map" resultType="com.hnair.wallet.admincenter.vo.AdmincenterOperatorVo">
        select
        ao.id as id,
        ao.operator_name as operatorName,
        ao.operator_nick_name as operatorNickName,
        m.merchant_name as merchantName
        from admincenter_operator ao
        inner join merchant m on ao.operator_source = m.merchant_id
        where 1=1
        <if test="id != null">and ao.id= #{id}</if>
        <if test="operatorName != null and operatorName !=''">and ao.operator_name= #{operatorName}</if>
        <if test="operatorNickName != null and operatorNickName !=''">and ao.operator_nick_name= #{operatorNickName}</if>
        <if test="operatorSource != null and operatorSource !=''">and m.merchant_id = #{operatorSource}</if>
        order by ao.id asc
        limit #{startIndex},#{pageSize}
    </select>

    <select id="getAllOperatorCountWithCondition" parameterType="map" resultType="java.lang.Integer">
        select count(1)
        from admincenter_operator ao
        inner join merchant m on ao.operator_source = m.merchant_id
        where 1=1
        <if test="id != null">and ao.id= #{id}</if>
        <if test="operatorName != null and operatorName !=''">and ao.operator_name= #{operatorName}</if>
        <if test="operatorNickName != null and operatorNickName !=''">and ao.operator_nick_name= #{operatorNickName}</if>
        <if test="operatorSource != null and operatorSource !=''">and m.merchant_id = #{operatorSource}</if>
    </select>

    <select id="operatorDetail" parameterType="map" resultType="com.hnair.wallet.admincenter.vo.AdmincenterOperatorVo">
        select
        ao.id as id,
        ao.operator_name as operatorName,
        ao.operator_nick_name as operatorNickName,
        m.merchant_name as merchantName
        from admincenter_operator ao
        inner join merchant m on ao.operator_source = m.merchant_id
        where ao.id= #{operatorId}
    </select>
</mapper>
