<?xml version="1.0" encoding="UTF-8" ?>
<!DOCTYPE mapper PUBLIC "-//mybatis.org//DTD Mapper 3.0//EN" "http://mybatis.org/dtd/mybatis-3-mapper.dtd" >
<mapper namespace="AdmincenterOperatorRoleMapper">
	<resultMap id="BaseResultMap" type="com.hnair.wallet.admincenter.model.AdmincenterOperatorRole">
		<id column="id" property="id" jdbcType="INTEGER" />
		<result column="operator_id" property="operatorId" jdbcType="INTEGER" />
		<result column="role_id" property="roleId" jdbcType="INTEGER" />
	</resultMap>
	<sql id="Base_Where">
		<if test="id != null"> and id= #{id}</if>	
		<if test="operatorId != null"> and operator_id= #{operatorId}</if>	
		<if test="roleId != null"> and role_id= #{roleId}</if>	
	</sql>
	<sql id="Base_Column_List">
		id ,
		operator_id ,
		role_id 
	</sql>

	<select id="selectByPrimaryKey" resultMap="BaseResultMap" parameterType="java.lang.Integer">
		select
		<include refid="Base_Column_List" />
		from admincenter_operator_role
		where
		id = #{id,jdbcType=INTEGER}
	</select>

	<delete id="deleteByPrimaryKey" parameterType="java.lang.Integer">
		delete from admincenter_operator_role
		where
		id = #{id,jdbcType=INTEGER}
	</delete>

	<insert id="insertSelective" parameterType="com.hnair.wallet.admincenter.model.AdmincenterOperatorRole">
		insert into admincenter_operator_role
		<trim prefix="(" suffix=")" suffixOverrides=",">
			<if test="id != null">id,</if>	
			<if test="operatorId != null">operator_id,</if>	
			<if test="roleId != null">role_id,</if>	
		</trim>
		<trim prefix="values (" suffix=")" suffixOverrides=",">
			<if test="id != null">
				#{id,jdbcType=INTEGER},
			</if>
			<if test="operatorId != null">
				#{operatorId,jdbcType=INTEGER},
			</if>
			<if test="roleId != null">
				#{roleId,jdbcType=INTEGER},
			</if>
			
		</trim>
	</insert>

	<update id="updateByPrimaryKeySelective" parameterType="com.hnair.wallet.admincenter.model.AdmincenterOperatorRole">
		update admincenter_operator_role
		<set>
			<if test="operatorId != null">
				operator_id= #{operatorId,jdbcType=INTEGER},
			</if>
			<if test="roleId != null">
				role_id= #{roleId,jdbcType=INTEGER}
			</if>
		</set>
		where
		id = #{id,jdbcType=INTEGER}
	</update>

	<select id="getAll" resultMap="BaseResultMap" parameterType="map">
		select
		<include refid="Base_Column_List" />
		from admincenter_operator_role where 1=1
		<include refid="Base_Where" />
	</select>
	<select id="pageCount" resultType="java.lang.Integer" parameterType="map">
		select count(1) from admincenter_operator_role where 1=1
		<include refid="Base_Where" />
	</select>
	<select id="pageData" resultMap="BaseResultMap" parameterType="map">
		select
		<include refid="Base_Column_List" />
		from admincenter_operator_role where 1=1
		<include refid="Base_Where" />
	</select>

	<select id="selectByIds" resultMap="BaseResultMap">
		select
		<include refid="Base_Column_List" />
		from admincenter_operator_role where id in
		<foreach item="item" index="index" collection="list" open="(" separator="," close=")">
			#{item}
		</foreach>
	</select>

    <insert id="assignRole" parameterType="map">
        insert into admincenter_operator_role (operator_id,role_id)
        values
        <foreach collection="list" item="item" index="index" separator=",">
            (#{item.operatorId}, #{item.roleId,jdbcType=INTEGER})
        </foreach>
    </insert>

    <delete id="unAssignRoles" parameterType="map">
        delete from admincenter_operator_role where
        operator_id = #{operatorId}
        and role_id in
        <foreach collection="list" item="item" open="("
                 separator="," close=")">
            #{item}
        </foreach>
    </delete>

    <delete id="deleteByOperatorId" parameterType="map">
        delete from admincenter_operator_role where
        operator_id = #{operatorId}
    </delete>
</mapper>
