<?xml version="1.0" encoding="UTF-8" ?>
<!DOCTYPE mapper PUBLIC "-//mybatis.org//DTD Mapper 3.0//EN" "http://mybatis.org/dtd/mybatis-3-mapper.dtd" >
<mapper namespace="AdmincenterRoleAuthorityMapper">
    <resultMap id="BaseResultMap" type="com.hnair.wallet.admincenter.model.AdmincenterRoleAuthority">
        <id column="id" property="id" jdbcType="INTEGER"/>
        <result column="role_id" property="roleId" jdbcType="INTEGER"/>
        <result column="authority_id" property="authorityId" jdbcType="INTEGER"/>
    </resultMap>
    <sql id="Base_Where">
        <if test="id != null">and id= #{id}</if>
        <if test="roleId != null">and role_id= #{roleId}</if>
        <if test="authorityId != null">and authority_id= #{authorityId}</if>
    </sql>
    <sql id="Base_Column_List">
		id ,
		role_id ,
		authority_id 
	</sql>

    <select id="selectByPrimaryKey" resultMap="BaseResultMap" parameterType="java.lang.Integer">
        select
        <include refid="Base_Column_List"/>
        from admincenter_role_authority
        where
        id = #{id,jdbcType=INTEGER}
    </select>

    <delete id="deleteByPrimaryKey" parameterType="java.lang.Integer">
		delete from admincenter_role_authority
		where
		id = #{id,jdbcType=INTEGER}
	</delete>

    <insert id="insertSelective" parameterType="com.hnair.wallet.admincenter.model.AdmincenterRoleAuthority">
        insert into admincenter_role_authority
        <trim prefix="(" suffix=")" suffixOverrides=",">
            <if test="id != null">id,</if>
            <if test="roleId != null">role_id,</if>
            <if test="authorityId != null">authority_id,</if>
        </trim>
        <trim prefix="values (" suffix=")" suffixOverrides=",">
            <if test="id != null">
                #{id,jdbcType=INTEGER},
            </if>
            <if test="roleId != null">
                #{roleId,jdbcType=INTEGER},
            </if>
            <if test="authorityId != null">
                #{authorityId,jdbcType=INTEGER},
            </if>

        </trim>
    </insert>

    <update id="updateByPrimaryKeySelective"
            parameterType="com.hnair.wallet.admincenter.model.AdmincenterRoleAuthority">
        update admincenter_role_authority
        <set>
            <if test="roleId != null">
                role_id= #{roleId,jdbcType=INTEGER},
            </if>
            <if test="authorityId != null">
                authority_id= #{authorityId,jdbcType=INTEGER}
            </if>
        </set>
        where
        id = #{id,jdbcType=INTEGER}
    </update>

    <select id="getAll" resultMap="BaseResultMap" parameterType="map">
        select
        <include refid="Base_Column_List"/>
        from admincenter_role_authority where 1=1
        <include refid="Base_Where"/>
    </select>
    <select id="pageCount" resultType="java.lang.Integer" parameterType="map">
        select count(1) from admincenter_role_authority where 1=1
        <include refid="Base_Where"/>
    </select>
    <select id="pageData" resultMap="BaseResultMap" parameterType="map">
        select
        <include refid="Base_Column_List"/>
        from admincenter_role_authority where 1=1
        <include refid="Base_Where"/>
    </select>

    <select id="selectByIds" resultMap="BaseResultMap">
        select
        <include refid="Base_Column_List"/>
        from admincenter_role_authority where id in
        <foreach item="item" index="index" collection="list" open="(" separator="," close=")">
            #{item}
        </foreach>
    </select>

    <select id="queryAuthorityIdsByRoleid" parameterType="map" resultType="java.lang.Integer">
        select
           authority_id
        from admincenter_role_authority
        where role_id = #{roleId}
    </select>

    <insert id="saveAuthority2Role" parameterType="map">
        insert into
        admincenter_role_authority(role_id ,authority_id)
        values
        <foreach collection="list" item="authority" index="index" separator=",">
            (#{authority.roleId},#{authority.authorityId})
        </foreach>
    </insert>

    <delete id="deleteByRoleIds" parameterType="map">
        delete from admincenter_role_authority
        where id in
        <foreach collection="roleIds" item="item" index="index" separator="," open="(" close=")">
           #{item}
        </foreach>
    </delete>

</mapper>
