<configuration debug="false" scan="true" scanPeriod="60 seconds">    <!-- 设置日志输出根目录 -->    <property name="encoding" value="UTF-8"/>    <property name="normal-pattern"              value="%d{yyyy-MM-dd.HH:mm:ss} %-5level [%thread] %logger{10}  %msg%n"/>    <property name="console-pattern"              value="%d{yyyy-MM-dd HH:mm:ss}|%.-5level|%-40.40logger{0}[%line] |%msg%n"/>    <property name="logDir" value="/data/build/logs"/>    <appender name="stdout" class="ch.qos.logback.core.ConsoleAppender">        <encoder>            <pattern>${console-pattern}</pattern>            <charset>${encoding}</charset>        </encoder>    </appender>    <appender name="rollingFile" class="ch.qos.logback.core.rolling.RollingFileAppender">        <rollingPolicy class="ch.qos.logback.core.rolling.SizeAndTimeBasedRollingPolicy">            <FileNamePattern>${logDir}/springboot-stdout-hipay-admincenter-%d{yyyy-MM-dd}.%i.log</FileNamePattern>            <MaxHistory>3</MaxHistory>            <maxFileSize>1024MB</maxFileSize>        </rollingPolicy>        <encoder class="ch.qos.logback.classic.encoder.PatternLayoutEncoder">            <pattern>${console-pattern}</pattern>        </encoder>    </appender>    <logger name="org.mybatis">        <level value="INFO"/>        <appender-ref ref="stdout"/>        <appender-ref ref="rollingFile"/>    </logger>    <logger name="java.sql">        <level value="INFO"/>        <appender-ref ref="stdout"/>        <appender-ref ref="rollingFile"/>    </logger>    <logger name="org.apache.ibatis">        <level value="INFO"/>        <appender-ref ref="stdout"/>        <appender-ref ref="rollingFile"/>    </logger>    <root level="INFO">        <appender-ref ref="stdout"/>        <appender-ref ref="rollingFile"/>    </root></configuration>