<?xml version="1.0" encoding="UTF-8"?>
<!DOCTYPE configuration
        PUBLIC "-//mybatis.org//DTD Config 3.0//EN"
        "http://mybatis.org/dtd/mybatis-3-config.dtd">

<configuration>
    <settings>
        <setting name="cacheEnabled" value="true"/>
        <setting name="lazyLoadingEnabled" value="false"/>
        <setting name="multipleResultSetsEnabled" value="true"/>
        <setting name="useColumnLabel" value="true"/>
        <setting name="useGeneratedKeys" value="false"/>
        <setting name="defaultExecutorType" value="SIMPLE"/>
        <setting name="defaultStatementTimeout" value="25000"/>
    </settings>
    <typeHandlers>
        <typeHandler handler="org.apache.ibatis.type.InstantTypeHandler"/>
        <typeHandler handler="org.apache.ibatis.type.LocalDateTimeTypeHandler"/>
        <typeHandler handler="org.apache.ibatis.type.LocalDateTypeHandler"/>
        <typeHandler handler="org.apache.ibatis.type.LocalTimeTypeHandler"/>
        <typeHandler handler="org.apache.ibatis.type.OffsetDateTimeTypeHandler"/>
        <typeHandler handler="org.apache.ibatis.type.OffsetTimeTypeHandler"/>
        <typeHandler handler="org.apache.ibatis.type.ZonedDateTimeTypeHandler"/>
    </typeHandlers>
</configuration>